use mysql_project;
select * from customers;
select * from categories;
select * from orderdetails;
select * from products;
select * from employees;
alter table orderdetails rename column order_details to order_details_id;

insert into orderdetails(order_details_id,order_id,product_id,quantity)  values 
(1, 10248, 11, 12),
(2, 10248, 42, 10),
(3, 10248, 72, 5),
(4, 10249, 14, 9),
(5, 10249, 51, 40),
(6, 10250, 41, 10),
(7, 10250, 51, 35),
(8, 10250, 65, 15),
(9, 10251, 22, 6),
(10, 10251, 57, 15),
(11, 10251, 65, 20),
(12, 10252, 20, 40),
(13, 10252, 33, 25),
(14, 10252, 60, 40),
(15, 10253, 31, 20),
(16, 10253, 39, 42),
(17, 10253, 49, 40),
(18, 10254, 24, 15),
(19, 10254, 55, 21),
(20, 10254, 74, 21),
(21, 10255, 2, 20),
(22, 10255, 16, 35),
(23, 10255, 36, 25),
(24, 10255, 59, 30),
(25, 10256, 53, 15),
(26, 10256, 77, 12),
(27, 10257, 27, 25),
(28, 10257, 39, 6),
(29, 10257, 77, 15),
(30, 10258, 2, 50),
(31, 10258, 5, 65),
(32, 10258, 32, 6),
(33, 10259, 21, 10),
(34, 10259, 37, 1),
(35, 10260, 41, 16),
(36, 10260, 57, 50),
(37, 10260, 62, 15),
(38, 10260, 70, 21),
(39, 10261, 21, 20),
(40, 10261, 35, 20),
(41, 10262, 5, 12),
(42, 10262, 7, 15),
(43, 10262, 56, 2),
(44, 10263, 16, 60),
(45, 10263, 24, 28),
(46, 10263, 30, 60),
(47, 10263, 74, 36),
(48, 10264, 2, 35),
(49, 10264, 41, 25),
(50, 10265, 17, 30),
(51, 10265, 70, 20),
(52, 10266, 12, 12),
(53, 10267, 40, 50),
(54, 10267, 59, 70),
(55, 10267, 76, 15),
(56, 10268, 29, 10),
(57, 10268, 72, 4),
(58, 10269, 33, 60),
(59, 10269, 72, 20),
(60, 10270, 36, 30),
(61, 10270, 43, 25),
(62, 10271, 33, 24),
(63, 10272, 20, 6),
(64, 10272, 31, 40),
(65, 10272, 72, 24),
(66, 10273, 10, 24),
(67, 10273, 31, 15),
(68, 10273, 33, 20),
(69, 10273, 40, 60),
(70, 10273, 76, 33),
(71, 10274, 71, 20),
(72, 10274, 72, 7),
(73, 10275, 24, 12),
(74, 10275, 59, 6),
(75, 10276, 10, 15),
(76, 10276, 13, 10),
(77, 10277, 28, 20),
(78, 10277, 62, 12),
(79, 10278, 44, 16),
(80, 10278, 59, 15),
(81, 10278, 63, 8),
(82, 10278, 73, 25),
(83, 10279, 17, 15),
(84, 10280, 24, 12),
(85, 10280, 55, 20),
(86, 10280, 75, 30),
(87, 10281, 19, 1),
(88, 10281, 24, 6),
(89, 10281, 35, 4),
(90, 10282, 30, 6),
(91, 10282, 57, 2),
(92, 10283, 15, 20),
(93, 10283, 19, 18),
(94, 10283, 60, 35),
(95, 10283, 72, 3),
(96, 10284, 27, 15),
(97, 10284, 44, 21),
(98, 10284, 60, 20),
(99, 10284, 67, 5),
(100, 10285, 1, 45),
(101, 10285, 40, 40),
(102, 10285, 53, 36),
(103, 10286, 35, 100),
(104, 10286, 62, 40),
(105, 10287, 16, 40),
(106, 10287, 34, 20),
(107, 10287, 46, 15),
(108, 10288, 54, 10),
(109, 10288, 68, 3),
(110, 10289, 3, 30),
(111, 10289, 64, 9),
(112, 10290, 5, 20),
(113, 10290, 29, 15),
(114, 10290, 49, 15),
(115, 10290, 77, 10),
(116, 10291, 13, 20),
(117, 10291, 44, 24),
(118, 10291, 51, 2),
(119, 10292, 20, 20),
(120, 10293, 18, 12),
(121, 10293, 24, 10),
(122, 10293, 63, 5),
(123, 10293, 75, 6),
(124, 10294, 1, 18),
(125, 10294, 17, 15),
(126, 10294, 43, 15),
(127, 10294, 60, 21),
(128, 10294, 75, 6),
(129, 10295, 56, 4),
(130, 10296, 11, 12),
(131, 10296, 16, 30),
(132, 10296, 69, 15),
(133, 10297, 39, 60),
(134, 10297, 72, 20),
(135, 10298, 2, 40),
(136, 10298, 36, 40),
(137, 10298, 59, 30),
(138, 10298, 62, 15),
(139, 10299, 19, 15),
(140, 10299, 70, 20),
(141, 10300, 66, 30),
(142, 10300, 68, 20),
(143, 10301, 40, 10),
(144, 10301, 56, 20),
(145, 10302, 17, 40),
(146, 10302, 28, 28),
(147, 10302, 43, 12),
(148, 10303, 40, 40),
(149, 10303, 65, 30),
(150, 10303, 68, 15),
(151, 10304, 49, 30),
(152, 10304, 59, 10),
(153, 10304, 71, 2),
(154, 10305, 18, 25),
(155, 10305, 29, 25),
(156, 10305, 39, 30),
(157, 10306, 30, 10),
(158, 10306, 53, 10),
(159, 10306, 54, 5),
(160, 10307, 62, 10),
(161, 10307, 68, 3),
(162, 10308, 69, 1),
(163, 10308, 70, 5),
(164, 10309, 4, 20),
(165, 10309, 6, 30),
(166, 10309, 42, 2),
(167, 10309, 43, 20),
(168, 10309, 71, 3),
(169, 10310, 16, 10),
(170, 10310, 62, 5),
(171, 10311, 42, 6),
(172, 10311, 69, 7),
(173, 10312, 28, 4),
(174, 10312, 43, 24),
(175, 10312, 53, 20),
(176, 10312, 75, 10),
(177, 10313, 36, 12),
(178, 10314, 32, 40),
(179, 10314, 58, 30),
(180, 10314, 62, 25),
(181, 10315, 34, 14),
(182, 10315, 70, 30),
(183, 10316, 41, 10),
(184, 10316, 62, 70),
(185, 10317, 1, 20),
(186, 10318, 41, 20),
(187, 10318, 76, 6),
(188, 10319, 17, 8),
(189, 10319, 28, 14),
(190, 10319, 76, 30),
(191, 10320, 71, 30),
(192, 10321, 35, 10),
(193, 10322, 52, 20),
(194, 10323, 15, 5),
(195, 10323, 25, 4),
(196, 10323, 39, 4),
(197, 10324, 16, 21),
(198, 10324, 35, 70),
(199, 10324, 46, 30),
(200, 10324, 59, 40),
(201, 10324, 63, 80),
(202, 10325, 6, 6),
(203, 10325, 13, 12),
(204, 10325, 14, 9),
(205, 10325, 31, 4),
(206, 10325, 72, 40),
(207, 10326, 4, 24),
(208, 10326, 57, 16),
(209, 10326, 75, 50),
(210, 10327, 2, 25),
(211, 10327, 11, 50),
(212, 10327, 30, 35),
(213, 10327, 58, 30),
(214, 10328, 59, 9),
(215, 10328, 65, 40),
(216, 10328, 68, 10),
(217, 10329, 19, 10),
(218, 10329, 30, 8),
(219, 10329, 38, 20),
(220, 10329, 56, 12),
(221, 10330, 26, 50),
(222, 10330, 72, 25),
(223, 10331, 54, 15),
(224, 10332, 18, 40),
(225, 10332, 42, 10),
(226, 10332, 47, 16),
(227, 10333, 14, 10),
(228, 10333, 21, 10),
(229, 10333, 71, 40),
(230, 10334, 52, 8),
(231, 10334, 68, 10),
(232, 10335, 2, 7),
(233, 10335, 31, 25),
(234, 10335, 32, 6),
(235, 10335, 51, 48),
(236, 10336, 4, 18),
(237, 10337, 23, 40),
(238, 10337, 26, 24),
(239, 10337, 36, 20),
(240, 10337, 37, 28),
(241, 10337, 72, 25),
(242, 10338, 17, 20),
(243, 10338, 30, 15),
(244, 10339, 4, 10),
(245, 10339, 17, 70),
(246, 10339, 62, 28),
(247, 10340, 18, 20),
(248, 10340, 41, 12),
(249, 10340, 43, 40),
(250, 10341, 33, 8),
(251, 10341, 59, 9),
(252, 10342, 2, 24),
(253, 10342, 31, 56),
(254, 10342, 36, 40),
(255, 10342, 55, 40),
(256, 10343, 64, 50),
(257, 10343, 68, 4),
(258, 10343, 76, 15),
(259, 10344, 4, 35),
(260, 10344, 8, 70),
(261, 10345, 8, 70),
(262, 10345, 19, 80),
(263, 10345, 42, 9),
(264, 10346, 17, 36),
(265, 10346, 56, 20),
(266, 10347, 25, 10),
(267, 10347, 39, 50),
(268, 10347, 40, 4),
(269, 10347, 75, 6),
(270, 10348, 1, 15),
(271, 10348, 23, 25),
(272, 10349, 54, 24),
(273, 10350, 50, 15),
(274, 10350, 69, 18),
(275, 10351, 38, 20),
(276, 10351, 41, 13),
(277, 10351, 44, 77),
(278, 10351, 65, 10),
(279, 10352, 24, 10),
(280, 10352, 54, 20),
(281, 10353, 11, 12),
(282, 10353, 38, 50),
(283, 10354, 1, 12),
(284, 10354, 29, 4),
(285, 10355, 24, 25),
(286, 10355, 57, 25),
(287, 10356, 31, 30),
(288, 10356, 55, 12),
(289, 10356, 69, 20),
(290, 10357, 10, 30),
(291, 10357, 26, 16),
(292, 10357, 60, 8),
(293, 10358, 24, 10),
(294, 10358, 34, 10),
(295, 10358, 36, 20),
(296, 10359, 16, 56),
(297, 10359, 31, 70),
(298, 10359, 60, 80),
(299, 10360, 28, 30),
(300, 10360, 29, 35),
(301, 10360, 38, 10),
(302, 10360, 49, 35),
(303, 10360, 54, 28),
(304, 10361, 39, 54),
(305, 10361, 60, 55),
(306, 10362, 25, 50),
(307, 10362, 51, 20),
(308, 10362, 54, 24),
(309, 10363, 31, 20),
(310, 10363, 75, 12),
(311, 10363, 76, 12),
(312, 10364, 69, 30),
(313, 10364, 71, 5),
(314, 10365, 11, 24),
(315, 10366, 65, 5),
(316, 10366, 77, 5),
(317, 10367, 34, 36),
(318, 10367, 54, 18),
(319, 10367, 65, 15),
(320, 10367, 77, 7),
(321, 10368, 21, 5),
(322, 10368, 28, 13),
(323, 10368, 57, 25),
(324, 10368, 64, 35),
(325, 10369, 29, 20),
(326, 10369, 56, 18),
(327, 10370, 1, 15),
(328, 10370, 64, 30),
(329, 10370, 74, 20),
(330, 10371, 36, 6),
(331, 10372, 20, 12),
(332, 10372, 38, 40),
(333, 10372, 60, 70),
(334, 10372, 72, 42),
(335, 10373, 58, 80),
(336, 10373, 71, 50),
(337, 10374, 31, 30),
(338, 10374, 58, 15),
(339, 10375, 14, 15),
(340, 10375, 54, 10),
(341, 10376, 31, 42),
(342, 10377, 28, 20),
(343, 10377, 39, 20),
(344, 10378, 71, 6),
(345, 10379, 41, 8),
(346, 10379, 63, 16),
(347, 10379, 65, 20),
(348, 10380, 30, 18),
(349, 10380, 53, 20),
(350, 10380, 60, 6),
(351, 10380, 70, 30),
(352, 10381, 74, 14),
(353, 10382, 5, 32),
(354, 10382, 18, 9),
(355, 10382, 29, 14),
(356, 10382, 33, 60),
(357, 10382, 74, 50),
(358, 10383, 13, 20),
(359, 10383, 50, 15),
(360, 10383, 56, 20),
(361, 10384, 20, 28),
(362, 10384, 60, 15),
(363, 10385, 7, 10),
(364, 10385, 60, 20),
(365, 10385, 68, 8),
(366, 10386, 24, 15),
(367, 10386, 34, 10),
(368, 10387, 24, 15),
(369, 10387, 28, 6),
(370, 10387, 59, 12),
(371, 10387, 71, 15),
(372, 10388, 45, 15),
(373, 10388, 52, 20),
(374, 10388, 53, 40),
(375, 10389, 10, 16),
(376, 10389, 55, 15),
(377, 10389, 62, 20),
(378, 10389, 70, 30),
(379, 10390, 31, 60),
(380, 10390, 35, 40),
(381, 10390, 46, 45),
(382, 10390, 72, 24),
(383, 10391, 13, 18),
(384, 10392, 69, 50),
(385, 10393, 2, 25),
(386, 10393, 14, 42),
(387, 10393, 25, 7),
(388, 10393, 26, 70),
(389, 10393, 31, 32),
(390, 10394, 13, 10),
(391, 10394, 62, 10),
(392, 10395, 46, 28),
(393, 10395, 53, 70),
(394, 10395, 69, 8),
(395, 10396, 23, 40),
(396, 10396, 71, 60),
(397, 10396, 72, 21),
(398, 10397, 21, 10),
(399, 10397, 51, 18),
(400, 10398, 35, 30),
(401, 10398, 55, 120),
(402, 10399, 68, 60),
(403, 10399, 71, 30),
(404, 10399, 76, 35),
(405, 10399, 77, 14),
(406, 10400, 29, 21),
(407, 10400, 35, 35),
(408, 10400, 49, 30),
(409, 10401, 30, 18),
(410, 10401, 56, 70),
(411, 10401, 65, 20),
(412, 10401, 71, 60),
(413, 10402, 23, 60),
(414, 10402, 63, 65),
(415, 10403, 16, 21),
(416, 10403, 48, 70),
(417, 10404, 26, 30),
(418, 10404, 42, 40),
(419, 10404, 49, 30),
(420, 10405, 3, 50),
(421, 10406, 1, 10),
(422, 10406, 21, 30),
(423, 10406, 28, 42),
(424, 10406, 36, 5),
(425, 10406, 40, 2),
(426, 10407, 11, 30),
(427, 10407, 69, 15),
(428, 10407, 71, 15),
(429, 10408, 37, 10),
(430, 10408, 54, 6),
(431, 10408, 62, 35),
(432, 10409, 14, 12),
(433, 10409, 21, 12),
(434, 10410, 33, 49),
(435, 10410, 59, 16),
(436, 10411, 41, 25),
(437, 10411, 44, 40),
(438, 10411, 59, 9),
(439, 10412, 14, 20),
(440, 10413, 1, 24),
(441, 10413, 62, 40),
(442, 10413, 76, 14),
(443, 10414, 19, 18),
(444, 10414, 33, 50),
(445, 10415, 17, 2),
(446, 10415, 33, 20),
(447, 10416, 19, 20),
(448, 10416, 53, 10),
(449, 10416, 57, 20),
(450, 10417, 38, 50),
(451, 10417, 46, 2),
(452, 10417, 68, 36),
(453, 10417, 77, 35),
(454, 10418, 2, 60),
(455, 10418, 47, 55),
(456, 10418, 61, 16),
(457, 10418, 74, 15),
(458, 10419, 60, 60),
(459, 10419, 69, 20),
(460, 10420, 9, 20),
(461, 10420, 13, 2),
(462, 10420, 70, 8),
(463, 10420, 73, 20),
(464, 10421, 19, 4),
(465, 10421, 26, 30),
(466, 10421, 53, 15),
(467, 10421, 77, 10),
(468, 10422, 26, 2),
(469, 10423, 31, 14),
(470, 10423, 59, 20),
(471, 10424, 35, 60),
(472, 10424, 38, 49),
(473, 10424, 68, 30),
(474, 10425, 55, 10),
(475, 10425, 76, 20),
(476, 10426, 56, 5),
(477, 10426, 64, 7),
(478, 10427, 14, 35),
(479, 10428, 46, 20),
(480, 10429, 50, 40),
(481, 10429, 63, 35),
(482, 10430, 17, 45),
(483, 10430, 21, 50),
(484, 10430, 56, 30),
(485, 10430, 59, 70),
(486, 10431, 17, 50),
(487, 10431, 40, 50),
(488, 10431, 47, 30),
(489, 10432, 26, 10),
(490, 10432, 54, 40),
(491, 10433, 56, 28),
(492, 10434, 11, 6),
(493, 10434, 76, 18),
(494, 10435, 2, 10),
(495, 10435, 22, 12),
(496, 10435, 72, 10),
(497, 10436, 46, 5),
(498, 10436, 56, 40),
(499, 10436, 64, 30),
(500, 10436, 75, 24),
(501, 10437, 53, 15),
(502, 10438, 19, 15),
(503, 10438, 34, 20),
(504, 10438, 57, 15),
(505, 10439, 12, 15),
(506, 10439, 16, 16),
(507, 10439, 64, 6),
(508, 10439, 74, 30),
(509, 10440, 2, 45),
(510, 10440, 16, 49),
(511, 10440, 29, 24),
(512, 10440, 61, 90),
(513, 10441, 27, 50),
(514, 10442, 11, 30),
(515, 10442, 54, 80),
(516, 10442, 66, 60),
(517, 10443, 11, 6),
(518, 10443, 28, 12),
(519, 10444, 17, 10),
(520, 10444, 26, 15),
(521, 10444, 35, 8),
(522, 10444, 41, 30),
(523, 10445, 39, 6),
(524, 10445, 54, 15),
(525, 10446, 19, 12),
(526, 10446, 24, 20),
(527, 10446, 31, 3),
(528, 10446, 52, 15),
(529, 10447, 19, 40),
(530, 10447, 65, 35),
(531, 10447, 71, 2),
(532, 10448, 26, 6),
(533, 10448, 40, 20),
(534, 10449, 10, 14),
(535, 10449, 52, 20),
(536, 10449, 62, 35),
(537, 10450, 10, 20),
(538, 10450, 54, 6),
(539, 10451, 55, 120),
(540, 10451, 64, 35),
(541, 10451, 65, 28),
(542, 10451, 77, 55),
(543, 10452, 28, 15),
(544, 10452, 44, 100),
(545, 10453, 48, 15),
(546, 10453, 70, 25),
(547, 10454, 16, 20),
(548, 10454, 33, 20),
(549, 10454, 46, 10),
(550, 10455, 39, 20),
(551, 10455, 53, 50),
(552, 10455, 61, 25),
(553, 10455, 71, 30),
(554, 10456, 21, 40),
(555, 10456, 49, 21),
(556, 10457, 59, 36),
(557, 10458, 26, 30),
(558, 10458, 28, 30),
(559, 10458, 43, 20),
(560, 10458, 56, 15),
(561, 10458, 71, 50),
(562, 10459, 7, 16),
(563, 10459, 46, 20),
(564, 10459, 72, 40),
(565, 10460, 68, 21),
(566, 10460, 75, 4),
(567, 10461, 21, 40),
(568, 10461, 30, 28),
(569, 10461, 55, 60),
(570, 10462, 13, 1),
(571, 10462, 23, 21),
(572, 10463, 19, 21),
(573, 10463, 42, 50),
(574, 10464, 4, 16),
(575, 10464, 43, 3),
(576, 10464, 56, 30),
(577, 10464, 60, 20),
(578, 10465, 24, 25),
(579, 10465, 29, 18),
(580, 10465, 40, 20),
(581, 10465, 45, 30),
(582, 10465, 50, 25),
(583, 10466, 11, 10),
(584, 10466, 46, 5),
(585, 10467, 24, 28),
(586, 10467, 25, 12),
(587, 10468, 30, 8),
(588, 10468, 43, 15),
(589, 10469, 2, 40),
(590, 10469, 16, 35),
(591, 10469, 44, 2),
(592, 10470, 18, 30),
(593, 10470, 23, 15),
(594, 10470, 64, 8),
(595, 10471, 7, 30),
(596, 10471, 56, 20),
(597, 10472, 24, 80),
(598, 10472, 51, 18),
(599, 10473, 33, 12),
(600, 10473, 71, 12),
(601, 10474, 14, 12),
(602, 10474, 28, 18),
(603, 10474, 40, 21),
(604, 10474, 75, 10),
(605, 10475, 31, 35),
(606, 10475, 66, 60),
(607, 10475, 76, 42),
(608, 10476, 55, 2),
(609, 10476, 70, 12),
(610, 10477, 1, 15),
(611, 10477, 21, 21),
(612, 10477, 39, 20),
(613, 10478, 10, 20),
(614, 10479, 38, 30),
(615, 10479, 53, 28),
(616, 10479, 59, 60),
(617, 10479, 64, 30),
(618, 10480, 47, 30),
(619, 10480, 59, 12),
(620, 10481, 49, 24),
(621, 10481, 60, 40),
(622, 10482, 40, 10),
(623, 10483, 34, 35),
(624, 10483, 77, 30),
(625, 10484, 21, 14),
(626, 10484, 40, 10),
(627, 10484, 51, 3),
(628, 10485, 2, 20),
(629, 10485, 3, 20),
(630, 10485, 55, 30),
(631, 10485, 70, 60),
(632, 10486, 11, 5),
(633, 10486, 51, 25),
(634, 10486, 74, 16),
(635, 10487, 19, 5),
(636, 10487, 26, 30),
(637, 10487, 54, 24),
(638, 10488, 59, 30),
(639, 10488, 73, 20),
(640, 10489, 11, 15),
(641, 10489, 16, 18),
(642, 10490, 59, 60),
(643, 10490, 68, 30),
(644, 10490, 75, 36),
(645, 10491, 44, 15),
(646, 10491, 77, 7),
(647, 10492, 25, 60),
(648, 10492, 42, 20),
(649, 10493, 65, 15),
(650, 10493, 66, 10),
(651, 10493, 69, 10),
(652, 10494, 56, 30),
(653, 10495, 23, 10),
(654, 10495, 41, 20),
(655, 10495, 77, 5),
(656, 10496, 31, 20),
(657, 10497, 56, 14),
(658, 10497, 72, 25),
(659, 10497, 77, 25),
(660, 10498, 24, 14),
(661, 10498, 40, 5),
(662, 10498, 42, 30),
(663, 10499, 28, 20),
(664, 10499, 49, 25),
(665, 10500, 15, 12),
(666, 10500, 28, 8),
(667, 10501, 54, 20),
(668, 10502, 45, 21),
(669, 10502, 53, 6),
(670, 10502, 67, 30),
(671, 10503, 14, 70),
(672, 10503, 65, 20),
(673, 10504, 2, 12),
(674, 10504, 21, 12),
(675, 10504, 53, 10),
(676, 10504, 61, 25),
(677, 10505, 62, 3),
(678, 10506, 25, 18),
(679, 10506, 70, 14),
(680, 10507, 43, 15),
(681, 10507, 48, 15),
(682, 10508, 13, 10),
(683, 10508, 39, 10),
(684, 10509, 28, 3),
(685, 10510, 29, 36),
(686, 10510, 75, 36),
(687, 10511, 4, 50),
(688, 10511, 7, 50),
(689, 10511, 8, 10),
(690, 10512, 24, 10),
(691, 10512, 46, 9),
(692, 10512, 47, 6),
(693, 10512, 60, 12),
(694, 10513, 21, 40),
(695, 10513, 32, 50),
(696, 10513, 61, 15),
(697, 10514, 20, 39),
(698, 10514, 28, 35),
(699, 10514, 56, 70),
(700, 10514, 65, 39),
(701, 10514, 75, 50),
(702, 10515, 9, 16),
(703, 10515, 16, 50),
(704, 10515, 27, 120),
(705, 10515, 33, 16),
(706, 10515, 60, 84),
(707, 10516, 18, 25),
(708, 10516, 41, 80),
(709, 10516, 42, 20),
(710, 10517, 52, 6),
(711, 10517, 59, 4),
(712, 10517, 70, 6),
(713, 10518, 24, 5),
(714, 10518, 38, 15),
(715, 10518, 44, 9),
(716, 10519, 10, 16),
(717, 10519, 56, 40),
(718, 10519, 60, 10),
(719, 10520, 24, 8),
(720, 10520, 53, 5),
(721, 10521, 35, 3),
(722, 10521, 41, 10),
(723, 10521, 68, 6),
(724, 10522, 1, 40),
(725, 10522, 8, 24),
(726, 10522, 30, 20),
(727, 10522, 40, 25),
(728, 10523, 17, 25),
(729, 10523, 20, 15),
(730, 10523, 37, 18),
(731, 10523, 41, 6),
(732, 10524, 10, 2),
(733, 10524, 30, 10),
(734, 10524, 43, 60),
(735, 10524, 54, 15),
(736, 10525, 36, 30),
(737, 10525, 40, 15),
(738, 10526, 1, 8),
(739, 10526, 13, 10),
(740, 10526, 56, 30),
(741, 10527, 4, 50),
(742, 10527, 36, 30),
(743, 10528, 11, 3),
(744, 10528, 33, 8),
(745, 10528, 72, 9),
(746, 10529, 55, 14),
(747, 10529, 68, 20),
(748, 10529, 69, 10),
(749, 10530, 17, 40),
(750, 10530, 43, 25),
(751, 10530, 61, 20),
(752, 10530, 76, 50),
(753, 10531, 59, 2),
(754, 10532, 30, 15),
(755, 10532, 66, 24),
(756, 10533, 4, 50),
(757, 10533, 72, 24),
(758, 10533, 73, 24),
(759, 10534, 30, 10),
(760, 10534, 40, 10),
(761, 10534, 54, 10),
(762, 10535, 11, 50),
(763, 10535, 40, 10),
(764, 10535, 57, 5),
(765, 10535, 59, 15),
(766, 10536, 12, 15),
(767, 10536, 31, 20),
(768, 10536, 33, 30),
(769, 10536, 60, 35),
(770, 10537, 31, 30),
(771, 10537, 51, 6),
(772, 10537, 58, 20),
(773, 10537, 72, 21),
(774, 10537, 73, 9),
(775, 10538, 70, 7),
(776, 10538, 72, 1),
(777, 10539, 13, 8),
(778, 10539, 21, 15),
(779, 10539, 33, 15),
(780, 10539, 49, 6),
(781, 10540, 3, 60),
(782, 10540, 26, 40),
(783, 10540, 38, 30),
(784, 10540, 68, 35),
(785, 10541, 24, 35),
(786, 10541, 38, 4),
(787, 10541, 65, 36),
(788, 10541, 71, 9),
(789, 10542, 11, 15),
(790, 10542, 54, 24),
(791, 10543, 12, 30),
(792, 10543, 23, 70),
(793, 10544, 28, 7),
(794, 10544, 67, 7),
(795, 10545, 11, 10),
(796, 10546, 7, 10),
(797, 10546, 35, 30),
(798, 10546, 62, 40),
(799, 10547, 32, 24),
(800, 10547, 36, 60),
(801, 10548, 34, 10),
(802, 10548, 41, 14),
(803, 10549, 31, 55),
(804, 10549, 45, 100),
(805, 10549, 51, 48),
(806, 10550, 17, 8),
(807, 10550, 19, 10),
(808, 10550, 21, 6),
(809, 10550, 61, 10),
(810, 10551, 16, 40),
(811, 10551, 35, 20),
(812, 10551, 44, 40),
(813, 10552, 69, 18),
(814, 10552, 75, 30),
(815, 10553, 11, 15),
(816, 10553, 16, 14),
(817, 10553, 22, 24),
(818, 10553, 31, 30),
(819, 10553, 35, 6),
(820, 10554, 16, 30),
(821, 10554, 23, 20),
(822, 10554, 62, 20),
(823, 10554, 77, 10),
(824, 10555, 14, 30),
(825, 10555, 19, 35),
(826, 10555, 24, 18),
(827, 10555, 51, 20),
(828, 10555, 56, 40),
(829, 10556, 72, 24),
(830, 10557, 64, 30),
(831, 10557, 75, 20),
(832, 10558, 47, 25),
(833, 10558, 51, 20),
(834, 10558, 52, 30),
(835, 10558, 53, 18),
(836, 10558, 73, 3),
(837, 10559, 41, 12),
(838, 10559, 55, 18),
(839, 10560, 30, 20),
(840, 10560, 62, 15),
(841, 10561, 44, 10),
(842, 10561, 51, 50),
(843, 10562, 33, 20),
(844, 10562, 62, 10),
(845, 10563, 36, 25),
(846, 10563, 52, 70),
(847, 10564, 17, 16),
(848, 10564, 31, 6),
(849, 10564, 55, 25),
(850, 10565, 24, 25),
(851, 10565, 64, 18),
(852, 10566, 11, 35),
(853, 10566, 18, 18),
(854, 10566, 76, 10),
(855, 10567, 31, 60),
(856, 10567, 51, 3),
(857, 10567, 59, 40),
(858, 10568, 10, 5),
(859, 10569, 31, 35),
(860, 10569, 76, 30),
(861, 10570, 11, 15),
(862, 10570, 56, 60),
(863, 10571, 14, 11),
(864, 10571, 42, 28),
(865, 10572, 16, 12),
(866, 10572, 32, 10),
(867, 10572, 40, 50),
(868, 10572, 75, 15),
(869, 10573, 17, 18),
(870, 10573, 34, 40),
(871, 10573, 53, 25),
(872, 10574, 33, 14),
(873, 10574, 40, 2),
(874, 10574, 62, 10),
(875, 10574, 64, 6),
(876, 10575, 59, 12),
(877, 10575, 63, 6),
(878, 10575, 72, 30),
(879, 10575, 76, 10),
(880, 10576, 1, 10),
(881, 10576, 31, 20),
(882, 10576, 44, 21),
(883, 10577, 39, 10),
(884, 10577, 75, 20),
(885, 10577, 77, 18),
(886, 10578, 35, 20),
(887, 10578, 57, 6),
(888, 10579, 15, 10),
(889, 10579, 75, 21),
(890, 10580, 14, 15),
(891, 10580, 41, 9),
(892, 10580, 65, 30),
(893, 10581, 75, 50),
(894, 10582, 57, 4),
(895, 10582, 76, 14),
(896, 10583, 29, 10),
(897, 10583, 60, 24),
(898, 10583, 69, 10),
(899, 10584, 31, 50),
(900, 10585, 47, 15),
(901, 10586, 52, 4),
(902, 10587, 26, 6),
(903, 10587, 35, 20),
(904, 10587, 77, 20),
(905, 10588, 18, 40),
(906, 10588, 42, 100),
(907, 10589, 35, 4),
(908, 10590, 1, 20),
(909, 10590, 77, 60),
(910, 10591, 3, 14),
(911, 10591, 7, 10),
(912, 10591, 54, 50),
(913, 10592, 15, 25),
(914, 10592, 26, 5),
(915, 10593, 20, 21),
(916, 10593, 69, 20),
(917, 10593, 76, 4),
(918, 10594, 52, 24),
(919, 10594, 58, 30),
(920, 10595, 35, 30),
(921, 10595, 61, 120),
(922, 10595, 69, 65),
(923, 10596, 56, 5),
(924, 10596, 63, 24),
(925, 10596, 75, 30),
(926, 10597, 24, 35),
(927, 10597, 57, 20),
(928, 10597, 65, 12),
(929, 10598, 27, 50),
(930, 10598, 71, 9),
(931, 10599, 62, 10),
(932, 10600, 54, 4),
(933, 10600, 73, 30),
(934, 10601, 13, 60),
(935, 10601, 59, 35),
(936, 10602, 77, 5),
(937, 10603, 22, 48),
(938, 10603, 49, 25),
(939, 10604, 48, 6),
(940, 10604, 76, 10),
(941, 10605, 16, 30),
(942, 10605, 59, 20),
(943, 10605, 60, 70),
(944, 10605, 71, 15),
(945, 10606, 4, 20),
(946, 10606, 55, 20),
(947, 10606, 62, 10),
(948, 10607, 7, 45),
(949, 10607, 17, 100),
(950, 10607, 33, 14),
(951, 10607, 40, 42),
(952, 10607, 72, 12),
(953, 10608, 56, 28),
(954, 10609, 1, 3),
(955, 10609, 10, 10),
(956, 10609, 21, 6),
(957, 10610, 36, 21),
(958, 10611, 1, 6),
(959, 10611, 2, 10),
(960, 10611, 60, 15),
(961, 10612, 10, 70),
(962, 10612, 36, 55),
(963, 10612, 49, 18),
(964, 10612, 60, 40),
(965, 10612, 76, 80),
(966, 10613, 13, 8),
(967, 10613, 75, 40),
(968, 10614, 11, 14),
(969, 10614, 21, 8),
(970, 10614, 39, 5),
(971, 10615, 55, 5),
(972, 10616, 38, 15),
(973, 10616, 56, 14),
(974, 10616, 70, 15),
(975, 10616, 71, 15),
(976, 10617, 59, 30),
(977, 10618, 6, 70),
(978, 10618, 56, 20),
(979, 10618, 68, 15),
(980, 10619, 21, 42),
(981, 10619, 22, 40),
(982, 10620, 24, 5),
(983, 10620, 52, 5),
(984, 10621, 19, 5),
(985, 10621, 23, 10),
(986, 10621, 70, 20),
(987, 10621, 71, 15),
(988, 10622, 2, 20),
(989, 10622, 68, 18),
(990, 10623, 14, 21),
(991, 10623, 19, 15),
(992, 10623, 21, 25),
(993, 10623, 24, 3),
(994, 10623, 35, 30),
(995, 10624, 28, 10),
(996, 10624, 29, 6),
(997, 10624, 44, 10),
(998, 10625, 14, 3),
(999, 10625, 42, 5),
(1000, 10625, 60, 10),
(1001, 10626, 53, 12),
(1002, 10626, 60, 20),
(1003, 10626, 71, 20),
(1004, 10627, 62, 15),
(1005, 10627, 73, 35),
(1006, 10628, 1, 25),
(1007, 10629, 29, 20),
(1008, 10629, 64, 9),
(1009, 10630, 55, 12),
(1010, 10630, 76, 35),
(1011, 10631, 75, 8),
(1012, 10632, 2, 30),
(1013, 10632, 33, 20),
(1014, 10633, 12, 36),
(1015, 10633, 13, 13),
(1016, 10633, 26, 35),
(1017, 10633, 62, 80),
(1018, 10634, 7, 35),
(1019, 10634, 18, 50),
(1020, 10634, 51, 15),
(1021, 10634, 75, 2),
(1022, 10635, 4, 10),
(1023, 10635, 5, 15),
(1024, 10635, 22, 40),
(1025, 10636, 4, 25),
(1026, 10636, 58, 6),
(1027, 10637, 11, 10),
(1028, 10637, 50, 25),
(1029, 10637, 56, 60),
(1030, 10638, 45, 20),
(1031, 10638, 65, 21),
(1032, 10638, 72, 60),
(1033, 10639, 18, 8),
(1034, 10640, 69, 20),
(1035, 10640, 70, 15),
(1036, 10641, 2, 50),
(1037, 10641, 40, 60),
(1038, 10642, 21, 30),
(1039, 10642, 61, 20),
(1040, 10643, 28, 15),
(1041, 10643, 39, 21),
(1042, 10643, 46, 2),
(1043, 10644, 18, 4),
(1044, 10644, 43, 20),
(1045, 10644, 46, 21),
(1046, 10645, 18, 20),
(1047, 10645, 36, 15),
(1048, 10646, 1, 15),
(1049, 10646, 10, 18),
(1050, 10646, 71, 30),
(1051, 10646, 77, 35),
(1052, 10647, 19, 30),
(1053, 10647, 39, 20),
(1054, 10648, 22, 15),
(1055, 10648, 24, 15),
(1056, 10649, 28, 20),
(1057, 10649, 72, 15),
(1058, 10650, 30, 30),
(1059, 10650, 53, 25),
(1060, 10650, 54, 30),
(1061, 10651, 19, 12),
(1062, 10651, 22, 20),
(1063, 10652, 30, 2),
(1064, 10652, 42, 20),
(1065, 10653, 16, 30),
(1066, 10653, 60, 20),
(1067, 10654, 4, 12),
(1068, 10654, 39, 20),
(1069, 10654, 54, 6),
(1070, 10655, 41, 20),
(1071, 10656, 14, 3),
(1072, 10656, 44, 28),
(1073, 10656, 47, 6),
(1074, 10657, 15, 50),
(1075, 10657, 41, 24),
(1076, 10657, 46, 45),
(1077, 10657, 47, 10),
(1078, 10657, 56, 45),
(1079, 10657, 60, 30),
(1080, 10658, 21, 60),
(1081, 10658, 40, 70),
(1082, 10658, 60, 55),
(1083, 10658, 77, 70),
(1084, 10659, 31, 20),
(1085, 10659, 40, 24),
(1086, 10659, 70, 40),
(1087, 10660, 20, 21),
(1088, 10661, 39, 3),
(1089, 10661, 58, 49),
(1090, 10662, 68, 10),
(1091, 10663, 40, 30),
(1092, 10663, 42, 30),
(1093, 10663, 51, 20),
(1094, 10664, 10, 24),
(1095, 10664, 56, 12),
(1096, 10664, 65, 15),
(1097, 10665, 51, 20),
(1098, 10665, 59, 1),
(1099, 10665, 76, 10),
(1100, 10666, 29, 36),
(1101, 10666, 65, 10),
(1102, 10667, 69, 45),
(1103, 10667, 71, 14),
(1104, 10668, 31, 8),
(1105, 10668, 55, 4),
(1106, 10668, 64, 15),
(1107, 10669, 36, 30),
(1108, 10670, 23, 32),
(1109, 10670, 46, 60),
(1110, 10670, 67, 25),
(1111, 10670, 73, 50),
(1112, 10670, 75, 25),
(1113, 10671, 16, 10),
(1114, 10671, 62, 10),
(1115, 10671, 65, 12),
(1116, 10672, 38, 15),
(1117, 10672, 71, 12),
(1118, 10673, 16, 3),
(1119, 10673, 42, 6),
(1120, 10673, 43, 6),
(1121, 10674, 23, 5),
(1122, 10675, 14, 30),
(1123, 10675, 53, 10),
(1124, 10675, 58, 30),
(1125, 10676, 10, 2),
(1126, 10676, 19, 7),
(1127, 10676, 44, 21),
(1128, 10677, 26, 30),
(1129, 10677, 33, 8),
(1130, 10678, 12, 100),
(1131, 10678, 33, 30),
(1132, 10678, 41, 120),
(1133, 10678, 54, 30),
(1134, 10679, 59, 12),
(1135, 10680, 16, 50),
(1136, 10680, 31, 20),
(1137, 10680, 42, 40),
(1138, 10681, 19, 30),
(1139, 10681, 21, 12),
(1140, 10681, 64, 28),
(1141, 10682, 33, 30),
(1142, 10682, 66, 4),
(1143, 10682, 75, 30),
(1144, 10683, 52, 9),
(1145, 10684, 40, 20),
(1146, 10684, 47, 40),
(1147, 10684, 60, 30),
(1148, 10685, 10, 20),
(1149, 10685, 41, 4),
(1150, 10685, 47, 15),
(1151, 10686, 17, 30),
(1152, 10686, 26, 15),
(1153, 10687, 9, 50),
(1154, 10687, 29, 10),
(1155, 10687, 36, 6),
(1156, 10688, 10, 18),
(1157, 10688, 28, 60),
(1158, 10688, 34, 14),
(1159, 10689, 1, 35),
(1160, 10690, 56, 20),
(1161, 10690, 77, 30),
(1162, 10691, 1, 30),
(1163, 10691, 29, 40),
(1164, 10691, 43, 40),
(1165, 10691, 44, 24),
(1166, 10691, 62, 48),
(1167, 10692, 63, 20),
(1168, 10693, 9, 6),
(1169, 10693, 54, 60),
(1170, 10693, 69, 30),
(1171, 10693, 73, 15),
(1172, 10694, 7, 90),
(1173, 10694, 59, 25),
(1174, 10694, 70, 50),
(1175, 10695, 8, 10),
(1176, 10695, 12, 4),
(1177, 10695, 24, 20),
(1178, 10696, 17, 20),
(1179, 10696, 46, 18),
(1180, 10697, 19, 7),
(1181, 10697, 35, 9),
(1182, 10697, 58, 30),
(1183, 10697, 70, 30),
(1184, 10698, 11, 15),
(1185, 10698, 17, 8),
(1186, 10698, 29, 12),
(1187, 10698, 65, 65),
(1188, 10698, 70, 8),
(1189, 10699, 47, 12),
(1190, 10700, 1, 5),
(1191, 10700, 34, 12),
(1192, 10700, 68, 40),
(1193, 10700, 71, 60),
(1194, 10701, 59, 42),
(1195, 10701, 71, 20),
(1196, 10701, 76, 35),
(1197, 10702, 3, 6),
(1198, 10702, 76, 15),
(1199, 10703, 2, 5),
(1200, 10703, 59, 35),
(1201, 10703, 73, 35),
(1202, 10704, 4, 6),
(1203, 10704, 24, 35),
(1204, 10704, 48, 24),
(1205, 10705, 31, 20),
(1206, 10705, 32, 4),
(1207, 10706, 16, 20),
(1208, 10706, 43, 24),
(1209, 10706, 59, 8),
(1210, 10707, 55, 21),
(1211, 10707, 57, 40),
(1212, 10707, 70, 28),
(1213, 10708, 5, 4),
(1214, 10708, 36, 5),
(1215, 10709, 8, 40),
(1216, 10709, 51, 28),
(1217, 10709, 60, 10),
(1218, 10710, 19, 5),
(1219, 10710, 47, 5),
(1220, 10711, 19, 12),
(1221, 10711, 41, 42),
(1222, 10711, 53, 120),
(1223, 10712, 53, 3),
(1224, 10712, 56, 30),
(1225, 10713, 10, 18),
(1226, 10713, 26, 30),
(1227, 10713, 45, 110),
(1228, 10713, 46, 24),
(1229, 10714, 2, 30),
(1230, 10714, 17, 27),
(1231, 10714, 47, 50),
(1232, 10714, 56, 18),
(1233, 10714, 58, 12);

CREATE TABLE Orders (
    OrderID INT PRIMARY KEY,
    CustomerID INT,
    EmployeeID INT,
    OrderDate DATE,
    ShipperID INT
);
INSERT INTO Orders (OrderID, CustomerID, EmployeeID, OrderDate, ShipperID) VALUES
(10248, 90, 5, '1996-07-04', 3),
(10249, 81, 6, '1996-07-05', 1),
(10250, 34, 4, '1996-07-08', 2),
(10251, 84, 3, '1996-07-08', 1),
(10252, 76, 4, '1996-07-09', 2),
(10253, 34, 3, '1996-07-10', 2),
(10254, 14, 5, '1996-07-11', 2),
(10255, 68, 9, '1996-07-12', 3),
(10256, 88, 3, '1996-07-15', 2),
(10257, 35, 4, '1996-07-16', 3),
(10258, 20, 1, '1996-07-17', 1),
(10259, 13, 4, '1996-07-18', 3),
(10260, 55, 4, '1996-07-19', 1),
(10261, 61, 4, '1996-07-19', 2),
(10262, 65, 8, '1996-07-22', 3),
(10263, 20, 9, '1996-07-23', 3),
(10264, 24, 6, '1996-07-24', 3),
(10265, 7, 2, '1996-07-25', 1),
(10266, 87, 3, '1996-07-26', 3),
(10267, 25, 4, '1996-07-29', 1),
(10268, 33, 8, '1996-07-30', 3),
(10269, 89, 5, '1996-07-31', 1),
(10270, 87, 1, '1996-08-01', 1),
(10271, 75, 6, '1996-08-01', 2),
(10272, 65, 6, '1996-08-02', 2),
(10273, 63, 3, '1996-08-05', 3),
(10274, 85, 6, '1996-08-06', 1),
(10275, 49, 1, '1996-08-07', 1),
(10276, 80, 8, '1996-08-08', 3),
(10277, 52, 2, '1996-08-09', 3),
(10278, 5, 8, '1996-08-12', 2),
(10279, 44, 8, '1996-08-13', 2),
(10280, 5, 2, '1996-08-14', 1),
(10281, 69, 4, '1996-08-14', 1),
(10282, 69, 4, '1996-08-15', 1),
(10283, 46, 3, '1996-08-16', 3),
(10284, 44, 4, '1996-08-19', 1),
(10285, 63, 1, '1996-08-20', 2),
(10286, 63, 8, '1996-08-21', 3),
(10287, 67, 8, '1996-08-22', 3),
(10288, 66, 4, '1996-08-23', 1),
(10289, 11, 7, '1996-08-26', 3),
(10290, 15, 8, '1996-08-27', 1),
(10291, 61, 6, '1996-08-27', 2),
(10292, 81, 1, '1996-08-28', 2),
(10293, 80, 1, '1996-08-29', 3),
(10294, 65, 4, '1996-08-30', 2),
(10295, 85, 2, '1996-09-02', 2),
(10296, 46, 6, '1996-09-03', 1),
(10297, 7, 5, '1996-09-04', 2),
(10298, 37, 6, '1996-09-05', 2),
(10299, 67, 4, '1996-09-06', 2),
(10300, 49, 2, '1996-09-09', 2),
(10301, 86, 8, '1996-09-09', 2),
(10302, 76, 4, '1996-09-10', 2),
(10303, 30, 7, '1996-09-11', 2),
(10304, 80, 1, '1996-09-12', 2),
(10305, 55, 8, '1996-09-13', 3),
(10306, 69, 1, '1996-09-16', 3),
(10307, 48, 2, '1996-09-17', 2),
(10308, 2, 7, '1996-09-18', 3),
(10309, 37, 3, '1996-09-19', 1),
(10310, 77, 8, '1996-09-20', 2),
(10311, 18, 1, '1996-09-20', 3),
(10312, 86, 2, '1996-09-23', 2),
(10313, 63, 2, '1996-09-24', 2),
(10314, 65, 1, '1996-09-25', 2),
(10315, 38, 4, '1996-09-26', 2),
(10316, 65, 1, '1996-09-27', 3),
(10317, 48, 6, '1996-09-30', 1),
(10318, 38, 8, '1996-10-01', 2),
(10319, 80, 7, '1996-10-02', 3),
(10320, 87, 5, '1996-10-03', 3),
(10321, 38, 3, '1996-10-03', 2),
(10322, 58, 7, '1996-10-04', 3),
(10323, 39, 4, '1996-10-07', 1),
(10324, 71, 9, '1996-10-08', 1),
(10325, 39, 1, '1996-10-09', 3),
(10326, 8, 4, '1996-10-10', 2),
(10327, 24, 2, '1996-10-11', 1),
(10328, 28, 4, '1996-10-14', 3),
(10329, 75, 4, '1996-10-15', 2),
(10330, 46, 3, '1996-10-16', 1),
(10331, 9, 9, '1996-10-16', 1),
(10332, 51, 3, '1996-10-17', 2),
(10333, 87, 5, '1996-10-18', 3),
(10334, 84, 8, '1996-10-21', 2),
(10335, 37, 7, '1996-10-22', 2),
(10336, 60, 7, '1996-10-23', 2),
(10337, 25, 4, '1996-10-24', 3),
(10338, 55, 4, '1996-10-25', 3),
(10339, 51, 2, '1996-10-28', 2),
(10340, 9, 1, '1996-10-29', 3),
(10341, 73, 7, '1996-10-29', 3),
(10342, 25, 4, '1996-10-30', 2),
(10343, 44, 4, '1996-10-31', 1),
(10344, 89, 4, '1996-11-01', 2),
(10345, 63, 2, '1996-11-04', 2),
(10346, 65, 3, '1996-11-05', 3),
(10347, 21, 4, '1996-11-06', 3),
(10348, 86, 4, '1996-11-07', 2),
(10349, 75, 7, '1996-11-08', 1),
(10350, 41, 6, '1996-11-11', 2),
(10351, 20, 1, '1996-11-11', 1),
(10352, 28, 3, '1996-11-12', 3),
(10353, 59, 7, '1996-11-13', 3),
(10354, 58, 8, '1996-11-14', 3),
(10355, 4, 6, '1996-11-15', 1),
(10356, 86, 6, '1996-11-18', 2),
(10357, 46, 1, '1996-11-19', 3),
(10358, 41, 5, '1996-11-20', 1),
(10359, 72, 5, '1996-11-21', 3),
(10360, 7, 4, '1996-11-22', 3),
(10361, 63, 1, '1996-11-22', 2),
(10362, 9, 3, '1996-11-25', 1),
(10363, 17, 4, '1996-11-26', 3),
(10364, 19, 1, '1996-11-26', 1),
(10365, 3, 3, '1996-11-27', 2),
(10366, 29, 8, '1996-11-28', 2),
(10367, 83, 7, '1996-11-28', 3),
(10368, 20, 2, '1996-11-29', 2),
(10369, 75, 8, '1996-12-02', 2),
(10370, 14, 6, '1996-12-03', 2),
(10371, 41, 1, '1996-12-03', 1),
(10372, 62, 5, '1996-12-04', 2),
(10373, 37, 4, '1996-12-05', 3),
(10374, 91, 1, '1996-12-05', 3),
(10375, 36, 3, '1996-12-06', 2),
(10376, 51, 1, '1996-12-09', 2),
(10377, 72, 1, '1996-12-09', 3),
(10378, 24, 5, '1996-12-10', 3),
(10379, 61, 2, '1996-12-11', 1),
(10380, 37, 8, '1996-12-12', 3),
(10381, 46, 3, '1996-12-12', 3),
(10382, 20, 4, '1996-12-13', 1),
(10383, 4, 8, '1996-12-16', 3),
(10384, 5, 3, '1996-12-16', 3),
(10385, 75, 1, '1996-12-17', 2),
(10386, 21, 9, '1996-12-18', 3),
(10387, 70, 1, '1996-12-18', 2),
(10388, 72, 2, '1996-12-19', 1),
(10389, 10, 4, '1996-12-20', 2),
(10390, 20, 6, '1996-12-23', 1),
(10391, 17, 3, '1996-12-23', 3),
(10392, 59, 2, '1996-12-24', 3),
(10393, 71, 1, '1996-12-25', 3),
(10394, 36, 1, '1996-12-25', 3),
(10395, 35, 6, '1996-12-26', 1),
(10396, 25, 1, '1996-12-27', 3),
(10397, 60, 5, '1996-12-27', 1),
(10398, 71, 2, '1996-12-30', 3),
(10399, 83, 8, '1996-12-31', 3),
(10400, 19, 1, '1997-01-01', 3),
(10401, 65, 1, '1997-01-01', 1),
(10402, 20, 8, '1997-01-02', 2),
(10403, 20, 4, '1997-01-03', 3),
(10404, 49, 2, '1997-01-03', 1),
(10405, 47, 1, '1997-01-06', 1),
(10406, 62, 7, '1997-01-07', 1),
(10407, 56, 2, '1997-01-07', 2),
(10408, 23, 8, '1997-01-08', 1),
(10409, 54, 3, '1997-01-09', 1),
(10410, 10, 3, '1997-01-10', 3),
(10411, 10, 9, '1997-01-10', 3),
(10412, 87, 8, '1997-01-13', 2),
(10413, 41, 3, '1997-01-14', 2),
(10414, 21, 2, '1997-01-14', 3),
(10415, 36, 3, '1997-01-15', 1),
(10416, 87, 8, '1997-01-16', 3),
(10417, 73, 4, '1997-01-16', 3),
(10418, 63, 4, '1997-01-17', 1),
(10419, 68, 4, '1997-01-20', 2),
(10420, 88, 3, '1997-01-21', 1),
(10421, 61, 8, '1997-01-21', 1),
(10422, 27, 2, '1997-01-22', 1),
(10423, 31, 6, '1997-01-23', 3),
(10424, 51, 7, '1997-01-23', 2),
(10425, 41, 6, '1997-01-24', 2),
(10426, 29, 4, '1997-01-27', 1),
(10427, 59, 4, '1997-01-27', 2),
(10428, 66, 7, '1997-01-28', 1),
(10429, 37, 3, '1997-01-29', 2),
(10430, 20, 4, '1997-01-30', 1),
(10431, 10, 4, '1997-01-30', 2),
(10432, 75, 3, '1997-01-31', 2),
(10433, 60, 3, '1997-02-03', 3),
(10434, 24, 3, '1997-02-03', 2),
(10435, 16, 8, '1997-02-04', 2),
(10436, 7, 3, '1997-02-05', 2),
(10437, 87, 8, '1997-02-05', 1),
(10438, 79, 3, '1997-02-06', 2),
(10439, 51, 6, '1997-02-07', 3),
(10440, 71, 4, '1997-02-10', 2),
(10441, 55, 3, '1997-02-10', 2),
(10442, 20, 3, '1997-02-11', 2),
(10443, 66, 8, '1997-02-12', 1),
(10444, 5, 3, '1997-02-12', 3),
(10445, 5, 3, '1997-02-13', 1),
(10446, 79, 6, '1997-02-14', 1),
(10447, 67, 4, '1997-02-14', 2),
(10448, 64, 4, '1997-02-17', 2),
(10449, 7, 3, '1997-02-18', 2),
(10450, 84, 8, '1997-02-19', 2),
(10451, 63, 4, '1997-02-19', 3),
(10452, 71, 8, '1997-02-20', 1),
(10453, 4, 1, '1997-02-21', 2),
(10454, 41, 4, '1997-02-21', 3),
(10455, 87, 8, '1997-02-24', 2),
(10456, 39, 8, '1997-02-25', 2),
(10457, 39, 2, '1997-02-25', 1),
(10458, 76, 7, '1997-02-26', 3),
(10459, 84, 4, '1997-02-27', 2),
(10460, 24, 8, '1997-02-28', 1),
(10461, 46, 1, '1997-02-28', 3),
(10462, 16, 2, '1997-03-03', 1),
(10463, 76, 5, '1997-03-04', 3),
(10464, 28, 4, '1997-03-04', 2),
(10465, 83, 1, '1997-03-05', 3),
(10466, 15, 4, '1997-03-06', 1),
(10467, 49, 8, '1997-03-06', 2),
(10468, 39, 3, '1997-03-07', 3),
(10469, 89, 1, '1997-03-10', 1),
(10470, 9, 4, '1997-03-11', 2),
(10471, 11, 2, '1997-03-11', 3),
(10472, 72, 8, '1997-03-12', 1),
(10473, 38, 1, '1997-03-13', 3),
(10474, 58, 5, '1997-03-13', 2),
(10475, 76, 9, '1997-03-14', 1),
(10476, 35, 8, '1997-03-17', 3),
(10477, 60, 5, '1997-03-17', 2),
(10478, 84, 2, '1997-03-18', 3),
(10479, 65, 3, '1997-03-19', 3),
(10480, 23, 6, '1997-03-20', 2),
(10481, 67, 8, '1997-03-20', 2),
(10482, 43, 1, '1997-03-21', 3),
(10483, 89, 7, '1997-03-24', 2),
(10484, 11, 3, '1997-03-24', 3),
(10485, 47, 4, '1997-03-25', 2),
(10486, 35, 1, '1997-03-26', 2),
(10487, 62, 2, '1997-03-26', 2),
(10488, 25, 8, '1997-03-27', 2),
(10489, 59, 6, '1997-03-28', 2),
(10490, 35, 7, '1997-03-31', 2),
(10491, 28, 8, '1997-03-31', 3),
(10492, 10, 3, '1997-04-01', 1),
(10493, 41, 4, '1997-04-02', 3),
(10494, 15, 4, '1997-04-02', 2),
(10495, 42, 3, '1997-04-03', 3),
(10496, 81, 7, '1997-04-04', 2),
(10497, 44, 7, '1997-04-04', 1),
(10498, 35, 8, '1997-04-07', 2),
(10499, 46, 4, '1997-04-08', 2),
(10500, 41, 6, '1997-04-09', 1),
(10501, 6, 9, '1997-04-09', 3),
(10502, 58, 2, '1997-04-10', 1),
(10503, 37, 6, '1997-04-11', 2),
(10504, 89, 4, '1997-04-11', 3),
(10505, 51, 3, '1997-04-14', 3),
(10506, 39, 9, '1997-04-15', 2),
(10507, 3, 7, '1997-04-15', 1),
(10508, 56, 1, '1997-04-16', 2),
(10509, 6, 4, '1997-04-17', 1),
(10510, 71, 6, '1997-04-18', 3),
(10511, 9, 4, '1997-04-18', 3),
(10512, 21, 7, '1997-04-21', 2),
(10513, 86, 7, '1997-04-22', 1),
(10514, 20, 3, '1997-04-22', 2),
(10515, 63, 2, '1997-04-23', 1),
(10516, 37, 2, '1997-04-24', 3),
(10517, 53, 3, '1997-04-24', 3),
(10518, 80, 4, '1997-04-25', 2),
(10519, 14, 6, '1997-04-28', 3),
(10520, 70, 7, '1997-04-29', 1),
(10521, 12, 8, '1997-04-29', 2),
(10522, 44, 4, '1997-04-30', 1),
(10523, 72, 7, '1997-05-01', 2),
(10524, 5, 1, '1997-05-01', 2),
(10525, 9, 1, '1997-05-02', 2),
(10526, 87, 4, '1997-05-05', 2),
(10527, 63, 7, '1997-05-05', 1),
(10528, 32, 6, '1997-05-06', 2),
(10529, 50, 5, '1997-05-07', 2),
(10530, 59, 3, '1997-05-08', 2),
(10531, 54, 7, '1997-05-08', 1),
(10532, 19, 7, '1997-05-09', 3),
(10533, 24, 8, '1997-05-12', 1),
(10534, 44, 8, '1997-05-12', 2),
(10535, 3, 4, '1997-05-13', 1),
(10536, 44, 3, '1997-05-14', 2),
(10537, 68, 1, '1997-05-14', 1),
(10538, 11, 9, '1997-05-15', 3),
(10539, 11, 6, '1997-05-16', 3),
(10540, 63, 3, '1997-05-19', 3),
(10541, 34, 2, '1997-05-19', 1),
(10542, 39, 1, '1997-05-20', 3),
(10543, 46, 8, '1997-05-21', 2),
(10544, 48, 4, '1997-05-21', 1),
(10545, 43, 8, '1997-05-22', 2),
(10546, 84, 1, '1997-05-23', 3),
(10547, 72, 3, '1997-05-23', 2),
(10548, 79, 3, '1997-05-26', 2),
(10549, 63, 5, '1997-05-27', 1),
(10550, 30, 7, '1997-05-28', 3),
(10551, 28, 4, '1997-05-28', 3),
(10552, 35, 2, '1997-05-29', 1),
(10553, 87, 2, '1997-05-30', 2),
(10554, 56, 4, '1997-05-30', 3),
(10555, 71, 6, '1997-06-02', 3),
(10556, 73, 2, '1997-06-03', 1),
(10557, 44, 9, '1997-06-03', 2),
(10558, 4, 1, '1997-06-04', 2),
(10559, 7, 6, '1997-06-05', 1),
(10560, 25, 8, '1997-06-06', 1),
(10561, 24, 2, '1997-06-06', 2),
(10562, 66, 1, '1997-06-09', 1),
(10563, 67, 2, '1997-06-10', 2),
(10564, 65, 4, '1997-06-10', 3),
(10565, 51, 8, '1997-06-11', 2),
(10566, 7, 9, '1997-06-12', 1),
(10567, 37, 1, '1997-06-12', 1),
(10568, 29, 3, '1997-06-13', 3),
(10569, 65, 5, '1997-06-16', 1),
(10570, 51, 3, '1997-06-17', 3),
(10571, 20, 8, '1997-06-17', 3),
(10572, 5, 3, '1997-06-18', 2),
(10573, 3, 7, '1997-06-19', 3),
(10574, 82, 4, '1997-06-19', 2),
(10575, 52, 5, '1997-06-20', 1),
(10576, 80, 3, '1997-06-23', 3),
(10577, 82, 9, '1997-06-23', 2),
(10578, 11, 4, '1997-06-24', 3),
(10579, 45, 1, '1997-06-25', 2),
(10580, 56, 4, '1997-06-26', 3),
(10581, 21, 3, '1997-06-26', 1),
(10582, 6, 3, '1997-06-27', 2),
(10583, 87, 2, '1997-06-30', 2),
(10584, 7, 4, '1997-06-30', 1),
(10585, 88, 7, '1997-07-01', 1),
(10586, 66, 9, '1997-07-02', 1),
(10587, 61, 1, '1997-07-02', 1),
(10588, 63, 2, '1997-07-03', 3),
(10589, 32, 8, '1997-07-04', 2),
(10590, 51, 4, '1997-07-07', 3),
(10591, 83, 1, '1997-07-07', 1),
(10592, 44, 3, '1997-07-08', 1),
(10593, 44, 7, '1997-07-09', 2),
(10594, 55, 3, '1997-07-09', 2),
(10595, 20, 2, '1997-07-10', 1),
(10596, 89, 8, '1997-07-11', 1),
(10597, 59, 7, '1997-07-11', 3),
(10598, 65, 1, '1997-07-14', 3),
(10599, 11, 6, '1997-07-15', 3),
(10600, 36, 4, '1997-07-16', 1),
(10601, 35, 7, '1997-07-16', 1),
(10602, 83, 8, '1997-07-17', 2),
(10603, 71, 8, '1997-07-18', 2),
(10604, 28, 1, '1997-07-18', 1),
(10605, 51, 1, '1997-07-21', 2),
(10606, 81, 4, '1997-07-22', 3),
(10607, 71, 5, '1997-07-22', 1),
(10608, 79, 4, '1997-07-23', 2),
(10609, 18, 7, '1997-07-24', 2),
(10610, 41, 8, '1997-07-25', 1),
(10611, 91, 6, '1997-07-25', 2),
(10612, 71, 1, '1997-07-28', 2),
(10613, 35, 4, '1997-07-29', 2),
(10614, 6, 8, '1997-07-29', 3),
(10615, 90, 2, '1997-07-30', 3),
(10616, 32, 1, '1997-07-31', 2),
(10617, 32, 4, '1997-07-31', 2),
(10618, 51, 1, '1997-08-01', 1),
(10619, 51, 3, '1997-08-04', 3),
(10620, 42, 2, '1997-08-05', 3),
(10621, 38, 4, '1997-08-05', 2),
(10622, 67, 4, '1997-08-06', 3),
(10623, 25, 8, '1997-08-07', 2),
(10624, 78, 4, '1997-08-07', 2),
(10625, 2, 3, '1997-08-08', 1),
(10626, 5, 1, '1997-08-11', 2),
(10627, 71, 8, '1997-08-11', 3),
(10628, 7, 4, '1997-08-12', 3),
(10629, 30, 4, '1997-08-12', 3),
(10630, 39, 1, '1997-08-13', 2),
(10631, 41, 8, '1997-08-14', 1),
(10632, 86, 8, '1997-08-14', 1),
(10633, 20, 7, '1997-08-15', 3),
(10634, 23, 4, '1997-08-15', 3),
(10635, 49, 8, '1997-08-18', 3),
(10636, 87, 4, '1997-08-19', 1),
(10637, 62, 6, '1997-08-19', 1),
(10638, 47, 3, '1997-08-20', 1),
(10639, 70, 7, '1997-08-20', 3),
(10640, 86, 4, '1997-08-21', 1),
(10641, 35, 4, '1997-08-22', 2),
(10642, 73, 7, '1997-08-22', 3),
(10643, 1, 6, '1997-08-25', 1),
(10644, 88, 3, '1997-08-25', 2),
(10645, 34, 4, '1997-08-26', 1),
(10646, 37, 9, '1997-08-27', 3),
(10647, 61, 4, '1997-08-27', 2),
(10648, 67, 5, '1997-08-28', 2),
(10649, 50, 5, '1997-08-28', 3),
(10650, 21, 5, '1997-08-29', 3),
(10651, 86, 8, '1997-09-01', 2),
(10652, 31, 4, '1997-09-01', 2),
(10653, 25, 1, '1997-09-02', 1),
(10654, 5, 5, '1997-09-02', 1),
(10655, 66, 1, '1997-09-03', 2),
(10656, 32, 6, '1997-09-04', 1),
(10657, 71, 2, '1997-09-04', 2),
(10658, 63, 4, '1997-09-05', 1),
(10659, 62, 7, '1997-09-05', 2),
(10660, 36, 8, '1997-09-08', 1),
(10661, 37, 7, '1997-09-09', 3),
(10662, 48, 3, '1997-09-09', 2),
(10663, 9, 2, '1997-09-10', 2),
(10664, 28, 1, '1997-09-10', 3),
(10665, 48, 1, '1997-09-11', 2),
(10666, 68, 7, '1997-09-12', 2),
(10667, 20, 7, '1997-09-12', 1),
(10668, 86, 1, '1997-09-15', 2),
(10669, 73, 2, '1997-09-15', 1),
(10670, 25, 4, '1997-09-16', 1),
(10671, 26, 1, '1997-09-17', 1),
(10672, 5, 9, '1997-09-17', 2),
(10673, 90, 2, '1997-09-18', 1),
(10674, 38, 4, '1997-09-18', 2),
(10675, 25, 5, '1997-09-19', 2),
(10676, 80, 2, '1997-09-22', 2),
(10677, 3, 1, '1997-09-22', 3),
(10678, 71, 7, '1997-09-23', 3),
(10679, 7, 8, '1997-09-23', 3),
(10680, 55, 1, '1997-09-24', 1),
(10681, 32, 3, '1997-09-25', 3),
(10682, 3, 3, '1997-09-25', 2),
(10683, 18, 2, '1997-09-26', 1),
(10684, 56, 3, '1997-09-26', 1),
(10685, 31, 4, '1997-09-29', 2),
(10686, 59, 2, '1997-09-30', 1),
(10687, 37, 9, '1997-09-30', 2),
(10688, 83, 4, '1997-10-01', 2),
(10689, 5, 1, '1997-10-01', 2),
(10690, 34, 1, '1997-10-02', 1),
(10691, 63, 2, '1997-10-03', 2),
(10692, 1, 4, '1997-10-03', 2),
(10693, 89, 3, '1997-10-06', 3),
(10694, 63, 8, '1997-10-06', 3),
(10695, 90, 7, '1997-10-07', 1),
(10696, 89, 8, '1997-10-08', 3),
(10697, 47, 3, '1997-10-08', 1),
(10698, 20, 4, '1997-10-09', 1),
(10699, 52, 3, '1997-10-09', 3),
(10700, 71, 3, '1997-10-10', 1),
(10701, 37, 6, '1997-10-13', 3),
(10702, 1, 4, '1997-10-13', 1),
(10703, 24, 6, '1997-10-14', 2),
(10704, 62, 6, '1997-10-14', 1),
(10705, 35, 9, '1997-10-15', 2),
(10706, 55, 8, '1997-10-16', 3),
(10707, 4, 4, '1997-10-16', 3),
(10708, 77, 6, '1997-10-17', 2),
(10709, 31, 1, '1997-10-17', 3),
(10710, 27, 1, '1997-10-20', 1),
(10711, 71, 5, '1997-10-21', 2),
(10712, 37, 3, '1997-10-21', 1),
(10713, 71, 1, '1997-10-22', 1),
(10714, 71, 5, '1997-10-22', 3),
(10715, 9, 3, '1997-10-23', 1),
(10716, 64, 4, '1997-10-24', 2),
(10717, 25, 1, '1997-10-24', 2),
(10718, 39, 1, '1997-10-27', 3),
(10719, 45, 8, '1997-10-27', 2),
(10720, 61, 8, '1997-10-28', 2),
(10721, 63, 5, '1997-10-29', 3),
(10722, 71, 8, '1997-10-29', 1),
(10723, 89, 3, '1997-10-30', 1),
(10724, 51, 8, '1997-10-30', 2),
(10725, 21, 4, '1997-10-31', 3),
(10726, 19, 4, '1997-11-03', 1),
(10727, 66, 2, '1997-11-03', 1),
(10728, 62, 4, '1997-11-04', 2),
(10729, 47, 8, '1997-11-04', 3),
(10730, 9, 5, '1997-11-05', 1),
(10731, 14, 7, '1997-11-06', 1),
(10732, 9, 3, '1997-11-06', 1),
(10733, 5, 1, '1997-11-07', 3),
(10734, 31, 2, '1997-11-07', 3),
(10735, 45, 6, '1997-11-10', 2),
(10736, 37, 9, '1997-11-11', 2),
(10737, 85, 2, '1997-11-11', 2),
(10738, 74, 2, '1997-11-12', 1),
(10739, 85, 3, '1997-11-12', 3),
(10740, 89, 4, '1997-11-13', 2),
(10741, 4, 4, '1997-11-14', 3),
(10742, 10, 3, '1997-11-14', 3),
(10743, 4, 1, '1997-11-17', 2),
(10744, 83, 6, '1997-11-17', 1),
(10745, 63, 9, '1997-11-18', 1),
(10746, 14, 1, '1997-11-19', 3),
(10747, 59, 6, '1997-11-19', 1),
(10748, 71, 3, '1997-11-20', 1),
(10749, 38, 4, '1997-11-20', 2),
(10750, 87, 9, '1997-11-21', 1),
(10751, 68, 3, '1997-11-24', 3),
(10752, 53, 2, '1997-11-24', 3),
(10753, 27, 3, '1997-11-25', 1),
(10754, 49, 6, '1997-11-25', 3),
(10755, 9, 4, '1997-11-26', 2),
(10756, 75, 8, '1997-11-27', 2),
(10757, 71, 6, '1997-11-27', 1),
(10758, 68, 3, '1997-11-28', 3),
(10759, 2, 3, '1997-11-28', 3),
(10760, 50, 4, '1997-12-01', 1),
(10761, 65, 5, '1997-12-02', 2),
(10762, 24, 3, '1997-12-02', 1),
(10763, 23, 3, '1997-12-03', 3),
(10764, 20, 6, '1997-12-03', 3),
(10765, 63, 3, '1997-12-04', 3),
(10766, 56, 4, '1997-12-05', 1),
(10767, 76, 4, '1997-12-05', 3),
(10768, 4, 3, '1997-12-08', 2),
(10769, 83, 3, '1997-12-08', 1),
(10770, 34, 8, '1997-12-09', 3),
(10771, 20, 9, '1997-12-10', 2),
(10772, 44, 3, '1997-12-10', 2),
(10773, 20, 1, '1997-12-11', 3),
(10774, 24, 4, '1997-12-11', 1),
(10775, 78, 7, '1997-12-12', 1),
(10776, 20, 1, '1997-12-15', 3),
(10777, 31, 7, '1997-12-15', 2),
(10778, 5, 3, '1997-12-16', 1),
(10779, 52, 3, '1997-12-16', 2),
(10780, 46, 2, '1997-12-16', 1),
(10781, 87, 2, '1997-12-17', 3),
(10782, 12, 9, '1997-12-17', 3),
(10783, 34, 4, '1997-12-18', 2),
(10784, 49, 4, '1997-12-18', 3),
(10785, 33, 1, '1997-12-18', 3),
(10786, 62, 8, '1997-12-19', 1),
(10787, 41, 2, '1997-12-19', 1),
(10788, 63, 1, '1997-12-22', 2),
(10789, 23, 1, '1997-12-22', 2),
(10790, 31, 6, '1997-12-22', 1),
(10791, 25, 6, '1997-12-23', 2),
(10792, 91, 1, '1997-12-23', 3),
(10793, 4, 3, '1997-12-24', 3),
(10794, 61, 6, '1997-12-24', 1),
(10795, 20, 8, '1997-12-24', 2),
(10796, 35, 3, '1997-12-25', 1),
(10797, 17, 7, '1997-12-25', 2),
(10798, 38, 2, '1997-12-26', 1),
(10799, 39, 9, '1997-12-26', 3),
(10800, 72, 1, '1997-12-26', 3),
(10801, 8, 4, '1997-12-29', 2),
(10802, 73, 4, '1997-12-29', 2),
(10803, 88, 4, '1997-12-30', 1),
(10804, 72, 6, '1997-12-30', 2),
(10805, 77, 2, '1997-12-30', 3),
(10806, 84, 3, '1997-12-31', 2),
(10807, 27, 4, '1997-12-31', 1),
(10808, 60, 2, '1998-01-01', 3),
(10809, 88, 7, '1998-01-01', 1),
(10810, 42, 2, '1998-01-01', 3),
(10811, 47, 8, '1998-01-02', 1),
(10812, 66, 5, '1998-01-02', 1),
(10813, 67, 1, '1998-01-05', 1),
(10814, 84, 3, '1998-01-05', 3),
(10815, 71, 2, '1998-01-05', 3),
(10816, 32, 4, '1998-01-06', 2),
(10817, 39, 3, '1998-01-06', 2),
(10818, 49, 7, '1998-01-07', 3),
(10819, 12, 2, '1998-01-07', 3),
(10820, 65, 3, '1998-01-07', 2),
(10821, 75, 1, '1998-01-08', 1),
(10822, 82, 6, '1998-01-08', 3),
(10823, 46, 5, '1998-01-09', 2),
(10824, 24, 8, '1998-01-09', 1),
(10825, 17, 1, '1998-01-09', 1),
(10826, 7, 6, '1998-01-12', 1),
(10827, 9, 1, '1998-01-12', 2),
(10828, 64, 9, '1998-01-13', 1),
(10829, 38, 9, '1998-01-13', 1),
(10830, 81, 4, '1998-01-13', 2),
(10831, 70, 3, '1998-01-14', 2),
(10832, 41, 2, '1998-01-14', 2),
(10833, 56, 6, '1998-01-15', 2),
(10834, 81, 1, '1998-01-15', 3),
(10835, 1, 1, '1998-01-15', 3),
(10836, 20, 7, '1998-01-16', 1),
(10837, 5, 9, '1998-01-16', 3),
(10838, 47, 3, '1998-01-19', 3),
(10839, 81, 3, '1998-01-19', 3),
(10840, 47, 4, '1998-01-19', 2),
(10841, 76, 5, '1998-01-20', 2),
(10842, 80, 1, '1998-01-20', 3),
(10843, 84, 4, '1998-01-21', 2),
(10844, 59, 8, '1998-01-21', 2),
(10845, 63, 8, '1998-01-21', 1),
(10846, 76, 2, '1998-01-22', 3),
(10847, 71, 4, '1998-01-22', 3),
(10848, 16, 7, '1998-01-23', 2),
(10849, 39, 9, '1998-01-23', 2),
(10850, 84, 1, '1998-01-23', 1),
(10851, 67, 5, '1998-01-26', 1),
(10852, 65, 8, '1998-01-26', 1),
(10853, 6, 9, '1998-01-27', 2),
(10854, 20, 3, '1998-01-27', 2),
(10855, 55, 3, '1998-01-27', 1),
(10856, 3, 3, '1998-01-28', 2),
(10857, 5, 8, '1998-01-28', 2),
(10858, 40, 2, '1998-01-29', 1),
(10859, 25, 1, '1998-01-29', 2),
(10860, 26, 3, '1998-01-29', 3),
(10861, 89, 4, '1998-01-30', 2),
(10862, 44, 8, '1998-01-30', 2),
(10863, 35, 4, '1998-02-02', 2),
(10864, 4, 4, '1998-02-02', 2),
(10865, 63, 2, '1998-02-02', 1),
(10866, 5, 5, '1998-02-03', 1),
(10867, 48, 6, '1998-02-03', 1),
(10868, 62, 7, '1998-02-04', 2),
(10869, 72, 5, '1998-02-04', 1),
(10870, 91, 5, '1998-02-04', 3),
(10871, 9, 9, '1998-02-05', 2),
(10872, 30, 5, '1998-02-05', 2),
(10873, 90, 4, '1998-02-06', 1),
(10874, 30, 5, '1998-02-06', 2),
(10875, 5, 4, '1998-02-06', 2),
(10876, 9, 7, '1998-02-09', 3),
(10877, 67, 1, '1998-02-09', 1),
(10878, 63, 4, '1998-02-10', 1),
(10879, 90, 3, '1998-02-10', 3),
(10880, 24, 7, '1998-02-10', 1),
(10881, 12, 4, '1998-02-11', 1),
(10882, 71, 4, '1998-02-11', 3),
(10883, 48, 8, '1998-02-12', 3),
(10884, 45, 4, '1998-02-12', 2),
(10885, 76, 6, '1998-02-12', 3),
(10886, 34, 1, '1998-02-13', 1),
(10887, 29, 8, '1998-02-13', 3),
(10888, 30, 1, '1998-02-16', 2),
(10889, 65, 9, '1998-02-16', 3),
(10890, 18, 7, '1998-02-16', 1),
(10891, 44, 7, '1998-02-17', 2),
(10892, 50, 4, '1998-02-17', 2),
(10893, 39, 9, '1998-02-18', 2),
(10894, 71, 1, '1998-02-18', 1),
(10895, 20, 3, '1998-02-18', 1),
(10896, 50, 7, '1998-02-19', 3),
(10897, 37, 3, '1998-02-19', 2),
(10898, 54, 4, '1998-02-20', 2),
(10899, 46, 5, '1998-02-20', 3),
(10900, 88, 1, '1998-02-20', 2),
(10901, 35, 4, '1998-02-23', 1),
(10902, 24, 1, '1998-02-23', 1),
(10903, 34, 3, '1998-02-24', 3),
(10904, 89, 3, '1998-02-24', 3),
(10905, 88, 9, '1998-02-24', 2),
(10906, 91, 4, '1998-02-25', 3),
(10907, 74, 6, '1998-02-25', 3),
(10908, 66, 4, '1998-02-26', 2),
(10909, 70, 1, '1998-02-26', 2),
(10910, 90, 1, '1998-02-26', 3),
(10911, 30, 3, '1998-02-26', 1),
(10912, 37, 2, '1998-02-26', 2),
(10913, 62, 4, '1998-02-26', 1),
(10914, 62, 6, '1998-02-27', 1),
(10915, 80, 2, '1998-02-27', 2),
(10916, 64, 1, '1998-02-27', 2),
(10917, 69, 4, '1998-03-02', 2),
(10918, 10, 3, '1998-03-02', 3),
(10919, 47, 2, '1998-03-02', 2),
(10920, 4, 4, '1998-03-03', 2),
(10921, 83, 1, '1998-03-03', 1),
(10922, 34, 5, '1998-03-03', 3),
(10923, 41, 7, '1998-03-03', 3),
(10924, 5, 3, '1998-03-04', 2),
(10925, 34, 3, '1998-03-04', 1),
(10926, 2, 4, '1998-03-04', 3),
(10927, 40, 4, '1998-03-05', 1),
(10928, 29, 1, '1998-03-05', 1),
(10929, 25, 6, '1998-03-05', 1),
(10930, 76, 4, '1998-03-06', 3),
(10931, 68, 4, '1998-03-06', 2),
(10932, 9, 8, '1998-03-06', 1),
(10933, 38, 6, '1998-03-06', 3),
(10934, 44, 3, '1998-03-09', 3),
(10935, 88, 4, '1998-03-09', 3),
(10936, 32, 3, '1998-03-09', 2),
(10937, 12, 7, '1998-03-10', 3),
(10938, 63, 3, '1998-03-10', 2),
(10939, 49, 2, '1998-03-10', 2),
(10940, 9, 8, '1998-03-11', 3),
(10941, 71, 7, '1998-03-11', 2),
(10942, 66, 9, '1998-03-11', 3),
(10943, 11, 4, '1998-03-11', 2),
(10944, 10, 6, '1998-03-12', 3),
(10945, 52, 4, '1998-03-12', 1),
(10946, 83, 1, '1998-03-12', 2),
(10947, 11, 3, '1998-03-13', 2),
(10948, 30, 3, '1998-03-13', 3),
(10949, 10, 2, '1998-03-13', 3),
(10950, 49, 1, '1998-03-16', 2),
(10951, 68, 9, '1998-03-16', 2),
(10952, 1, 1, '1998-03-16', 1),
(10953, 4, 9, '1998-03-16', 2),
(10954, 47, 5, '1998-03-17', 1),
(10955, 24, 8, '1998-03-17', 2),
(10956, 6, 6, '1998-03-17', 2),
(10957, 35, 8, '1998-03-18', 3),
(10958, 54, 7, '1998-03-18', 2),
(10959, 31, 6, '1998-03-18', 2),
(10960, 35, 3, '1998-03-19', 1),
(10961, 62, 8, '1998-03-19', 1),
(10962, 63, 8, '1998-03-19', 2),
(10963, 28, 9, '1998-03-19', 3),
(10964, 74, 3, '1998-03-20', 2),
(10965, 55, 6, '1998-03-20', 3),
(10966, 14, 4, '1998-03-20', 1),
(10967, 79, 2, '1998-03-23', 2),
(10968, 20, 1, '1998-03-23', 3),
(10969, 15, 1, '1998-03-23', 2),
(10970, 8, 9, '1998-03-24', 1),
(10971, 26, 2, '1998-03-24', 2),
(10972, 40, 4, '1998-03-24', 2),
(10973, 40, 6, '1998-03-24', 2),
(10974, 75, 3, '1998-03-25', 3),
(10975, 10, 1, '1998-03-25', 3),
(10976, 35, 1, '1998-03-25', 1),
(10977, 24, 8, '1998-03-26', 3),
(10978, 50, 9, '1998-03-26', 2),
(10979, 20, 8, '1998-03-26', 2),
(10980, 24, 4, '1998-03-27', 1),
(10981, 34, 1, '1998-03-27', 2),
(10982, 10, 2, '1998-03-27', 1),
(10983, 71, 2, '1998-03-27', 2),
(10984, 71, 1, '1998-03-30', 3),
(10985, 37, 2, '1998-03-30', 1),
(10986, 54, 8, '1998-03-30', 2),
(10987, 19, 8, '1998-03-31', 1),
(10988, 65, 3, '1998-03-31', 2),
(10989, 61, 2, '1998-03-31', 1),
(10990, 20, 2, '1998-04-01', 3),
(10991, 63, 1, '1998-04-01', 1),
(10992, 77, 1, '1998-04-01', 3),
(10993, 24, 7, '1998-04-01', 3),
(10994, 83, 2, '1998-04-02', 3),
(10995, 58, 1, '1998-04-02', 3),
(10996, 63, 4, '1998-04-02', 2),
(10997, 46, 8, '1998-04-03', 2),
(10998, 91, 8, '1998-04-03', 2),
(10999, 56, 6, '1998-04-03', 2),
(11000, 65, 2, '1998-04-06', 3),
(11001, 24, 2, '1998-04-06', 2),
(11002, 71, 4, '1998-04-06', 1),
(11003, 78, 3, '1998-04-06', 3),
(11004, 50, 3, '1998-04-07', 1),
(11005, 90, 2, '1998-04-07', 1),
(11006, 32, 3, '1998-04-07', 2),
(11007, 60, 8, '1998-04-08', 2),
(11008, 20, 7, '1998-04-08', 3),
(11009, 30, 2, '1998-04-08', 1),
(11010, 66, 2, '1998-04-09', 2),
(11011, 1, 3, '1998-04-09', 1),
(11012, 25, 1, '1998-04-09', 3),
(11013, 69, 2, '1998-04-09', 1),
(11014, 47, 2, '1998-04-10', 3),
(11015, 70, 2, '1998-04-10', 2),
(11016, 4, 9, '1998-04-10', 2);

select * from products;


insert into products(product_id,product_name,supplier_id,category_id,unit,price)
values (6, 'Grandma''s Boysenberry Spread', 3, 2, '12 - 8 oz jars', 25.00),
(7, 'Uncle Bob''s Organic Dried Pears', 3, 7, '12 - 1 lb pkgs.', 30.00),
(8, 'Northwoods Cranberry Sauce', 3, 2, '12 - 12 oz jars', 40.00),
(9, 'Mishi Kobe Niku', 4, 6, '18 - 500 g pkgs.', 97.00),
(10, 'Ikura', 4, 8, '12 - 200 ml jars', 31.00),
(11, 'Queso Cabrales', 5, 4, '1 kg pkg.', 21.00),
(12, 'Queso Manchego La Pastora', 5, 4, '10 - 500 g pkgs.', 38.00),
(13, 'Konbu', 6, 8, '2 kg box', 6.00),
(14, 'Tofu', 6, 7, '40 - 100 g pkgs.', 23.25),
(15, 'Genen Shouyu', 6, 2, '24 - 250 ml bottles', 15.50),
(16, 'Pavlova', 7, 3, '32 - 500 g boxes', 17.45),
(17, 'Alice Mutton', 7, 6, '20 - 1 kg tins', 39.00),
(18, 'Carnarvon Tigers', 7, 8, '16 kg pkg.', 62.50),
(19, 'Teatime Chocolate Biscuits', 8, 3, '10 boxes x 12 pieces', 9.20),
(20, 'Sir Rodney''s Marmalade', 8, 3, '30 gift boxes', 81.00),
(21, 'Sir Rodney''s Scones', 8, 3, '24 pkgs. x 4 pieces', 10.00),
(22, 'Gustaf''s Knckebrd', 9, 5, '24 - 500 g pkgs.', 21.00),
(23, 'Tunnbrd', 9, 5, '12 - 250 g pkgs.', 9.00),
(24, 'Guaran Fantstica', 10, 1, '12 - 355 ml cans', 4.50),
(25, 'NuNuCa Nu-Nougat-Creme', 11, 3, '20 - 450 g glasses', 14.00),
(26, 'Gumbr Gummibrchen', 11, 3, '100 - 250 g bags', 31.23),
(27, 'Schoggi Schokolade', 11, 3, '100 - 100 g pieces', 43.90),
(28, 'Rssle Sauerkraut', 12, 7, '25 - 825 g cans', 45.60),
(29, 'Thringer Rostbratwurst', 12, 6, '50 bags x 30 sausgs.', 123.79),
(30, 'Nord-Ost Matjeshering', 13, 8, '10 - 200 g glasses', 25.89),
(31, 'Gorgonzola Telino', 14, 4, '12 - 100 g pkgs', 12.50),
(32, 'Mascarpone Fabioli', 14, 4, '24 - 200 g pkgs.', 32.00),
(33, 'Geitost', 15, 4, '500 g', 2.50),
(34, 'Sasquatch Ale', 16, 1, '24 - 12 oz bottles', 14.00),
(35, 'Steeleye Stout', 16, 1, '24 - 12 oz bottles', 18.00),
(36, 'Inlagd Sill', 17, 8, '24 - 250 g jars', 19.00),
(37, 'Gravad lax', 17, 8, '12 - 500 g pkgs.', 26.00),
(38, 'Cte de Blaye', 18, 1, '12 - 75 cl bottles', 263.50),
(39, 'Chartreuse verte', 18, 1, '750 cc per bottle', 18.00),
(40, 'Boston Crab Meat', 19, 8, '24 - 4 oz tins', 18.40),
(41, 'Jack''s New England Clam Chowder', 19, 8, '12 - 12 oz cans', 9.65),
(42, 'Singaporean Hokkien Fried Mee', 20, 5, '32 - 1 kg pkgs.', 14.00),
(43, 'Ipoh Coffee', 20, 1, '16 - 500 g tins', 46.00),
(44, 'Gula Malacca', 20, 2, '20 - 2 kg bags', 19.45),
(45, 'Rgede sild', 21, 8, '1k pkg.', 9.50),
(46, 'Spegesild', 21, 8, '4 - 450 g glasses', 12.00),
(47, 'Zaanse koeken', 22, 3, '10 - 4 oz boxes', 9.50),
(48, 'Chocolade', 22, 3, '10 pkgs.', 12.75),
(49, 'Maxilaku', 23, 3, '24 - 50 g pkgs.', 20.00),
(50, 'Valkoinen suklaa', 23, 3, '12 - 100 g bars', 16.25),
(51, 'Manjimup Dried Apples', 24, 7, '50 - 300 g pkgs.', 53.00),
(52, 'Filo Mix', 24, 5, '16 - 2 kg boxes', 7.00),
(53, 'Perth Pasties', 24, 6, '48 pieces', 32.80),
(54, 'Tourtire', 25, 6, '16 pies', 7.45),
(55, 'Pt chinois', 25, 6, '24 boxes x 2 pies', 24.00),
(56, 'Gnocchi di nonna Alice', 26, 5, '24 - 250 g pkgs.', 38.00),
(57, 'Ravioli Angelo', 26, 5, '24 - 250 g pkgs.', 19.50),
(58, 'Escargots de Bourgogne', 27, 8, '24 pieces', 13.25),
(59, 'Raclette Courdavault', 28, 4, '5 kg pkg.', 55.00),
(60, 'Camembert Pierrot', 28, 4, '15 - 300 g rounds', 34.00),
(61, 'Sirop d''rable', 29, 2, '24 - 500 ml bottles', 28.50),
(62, 'Tarte au sucre', 29, 3, '48 pies', 49.30),
(63, 'Vegie-spread', 7, 2, '15 - 625 g jars', 43.90),
(64, 'Wimmers gute Semmelkndel', 12, 5, '20 bags x 4 pieces', 33.25),
(65, 'Louisiana Fiery Hot Pepper Sauce', 2, 2, '32 - 8 oz bottles', 21.05),
(66, 'Louisiana Hot Spiced Okra', 2, 2, '24 - 8 oz jars', 17.00),
(67, 'Laughing Lumberjack Lager', 16, 1, '24 - 12 oz bottles', 14.00),
(68, 'Scottish Longbreads', 8, 3, '10 boxes x 8 pieces', 12.50),
(69, 'Gudbrandsdalsost', 15, 4, '10 kg pkg.', 36.00),
(70, 'Outback Lager', 7, 1, '24 - 355 ml bottles', 15.00),
(71, 'Fltemysost', 15, 4, '10 - 500 g pkgs.', 21.50),
(72, 'Mozzarella di Giovanni', 14, 4, '24 - 200 g pkgs.', 34.80),
(73, 'Rd Kaviar', 17, 8, '24 - 150 g jars', 15.00),
(74, 'Longlife Tofu', 4, 7, '5 kg pkg.', 10.00),
(75, 'Rhnbru Klosterbier', 12, 1, '24 - 0.5 l bottles', 7.75),
(76, 'Lakkalikri', 23, 1, '500 ml', 18.00),
(77, 'Original Frankfurter grne Soe', 12, 2, '12 boxes', 13.00);

create table shippers (
    shipperid int primary key,
    shippername varchar(50),
    phone varchar(20)
);
insert into shippers (shipperid, shippername, phone) values
(1, 'Speedy Express', '(503) 555-9831'),
(2, 'United Package', '(503) 555-3199'),
(3, 'Federal Shipping', '(503) 555-9931');

create table suppliers (
    supplierid int primary key,
    suppliername varchar(100),
    contactname varchar(50),
    address varchar(100),
    city varchar(50),
    postalcode varchar(20),
    country varchar(50),
    phone varchar(20)
);
create table suppliers (
    supplierid int primary key,
    suppliername varchar(100),
    contactname varchar(50),
    address varchar(100),
    city varchar(50),
    postalcode varchar(20),
    country varchar(50),
    phone varchar(20)
);

insert into suppliers (supplierid, suppliername, contactname, address, city, postalcode, country, phone) values
(1, 'Exotic Liquid', 'Charlotte Cooper', '49 Gilbert St.', 'Londona', 'EC1 4SD', 'UK', '(171) 555-2222'),
(2, 'New Orleans Cajun Delights', 'Shelley Burke', 'P.O. Box 78934', 'New Orleans', '70117', 'USA', '(100) 555-4822'),
(3, 'Grandma Kelly''s Homestead', 'Regina Murphy', '707 Oxford Rd.', 'Ann Arbor', '48104', 'USA', '(313) 555-5735'),
(4, 'Tokyo Traders', 'Yoshi Nagase', '9-8 Sekimai Musashino-shi', 'Tokyo', '100', 'Japan', '(03) 3555-5011'),
(5, 'Cooperativa de Quesos ''Las Cabras''', 'Antonio del Valle Saavedra', 'Calle del Rosal 4', 'Oviedo', '33007', 'Spain', '(98) 598 76 54'),
(6, 'Mayumi''s', 'Mayumi Ohno', '92 Setsuko Chuo-ku', 'Osaka', '545', 'Japan', '(06) 431-7877'),
(7, 'Pavlova, Ltd.', 'Ian Devling', '74 Rose St. Moonie Ponds', 'Melbourne', '3058', 'Australia', '(03) 444-2343'),
(8, 'Specialty Biscuits, Ltd.', 'Peter Wilson', '29 King''s Way', 'Manchester', 'M14 GSD', 'UK', '(161) 555-4448'),
(9, 'PB Knckebrd AB', 'Lars Peterson', 'Kaloadagatan 13', 'Gteborg', 'S-345 67', 'Sweden', '031-987 65 43'),
(10, 'Refrescos Americanas LTDA', 'Carlos Diaz', 'Av. das Americanas 12.890', 'So Paulo', '5442', 'Brazil', '(11) 555 4640'),
(11, 'Heli Swaren GmbH & Co. KG', 'Petra Winkler', 'Tiergartenstrae 5', 'Berlin', '10785', 'Germany', '(010) 9984510'),
(12, 'Plutzer Lebensmittelgromrkte AG', 'Martin Bein', 'Bogenallee 51', 'Frankfurt', '60439', 'Germany', '(069) 992755'),
(13, 'Nord-Ost-Fisch Handelsgesellschaft mbH', 'Sven Petersen', 'Frahmredder 112a', 'Cuxhaven', '27478', 'Germany', '(04721) 8713'),
(14, 'Formaggi Fortini s.r.l.', 'Elio Rossi', 'Viale Dante, 75', 'Ravenna', '48100', 'Italy', '(0544) 60323'),
(15, 'Norske Meierier', 'Beate Vileid', 'Hatlevegen 5', 'Sandvika', '1320', 'Norway', '(0)2-953010'),
(16, 'Bigfoot Breweries', 'Cheryl Saylor', '3400 - 8th Avenue Suite 210', 'Bend', '97101', 'USA', '(503) 555-9931'),
(17, 'Svensk Sjfda AB', 'Michael Bjrn', 'Brovallavgen 231', 'Stockholm', 'S-123 45', 'Sweden', '08-123 45 67'),
(18, 'Aux joyeux ecclsiastiques', 'Guylne Nodier', '203, Rue des Francs-Bourgeois', 'Paris', '75004', 'France', '(1) 03.83.00.68'),
(19, 'New England Seafood Cannery', 'Robb Merchant', 'Order Processing Dept. 2100 Paul Revere Blvd.', 'Boston', '02134', 'USA', '(617) 555-3267'),
(20, 'Leka Trading', 'Chandra Leka', '471 Serangoon Loop, Suite #402', 'Singapore', '0512', 'Singapore', '555-8787'),
(21, 'Lyngbysild', 'Niels Petersen', 'Lyngbysild Fiskebakken 10', 'Lyngby', '2800', 'Denmark', '43844108'),
(22, 'Zaanse Snoepfabriek', 'Dirk Luchte', 'Verkoop Rijnweg 22', 'Zaandam', '9999 ZZ', 'Netherlands', '(12345) 1212'),
(23, 'Karkki Oy', 'Anne Heikkonen', 'Valtakatu 12', 'Lappeenranta', '53120', 'Finland', '(953) 10956'),
(24, 'G''day, Mate', 'Wendy Mackenzie', '170 Prince Edward Parade Hunter''s Hill', 'Sydney', '2042', 'Australia', '(02) 555-5914'),
(25, 'Ma Maison', 'Jean-Guy Lauzon', '2960 Rue St. Laurent', 'Montral', 'H1J 1C3', 'Canada', '(514) 555-9022'),
(26, 'Pasta Buttini s.r.l.', 'Giovanni Giudici', 'Via dei Gelsomini, 153', 'Salerno', '84100', 'Italy', '(089) 6547665'),
(27, 'Escargots Nouveaux', 'Marie Delamare', '22, rue H. Voiron', 'Montceau', '71300', 'France', '85.57.00.07'),
(28, 'Gai pturage', 'Eliane Noz', 'Bat. B 3, rue des Alpes', 'Annecy', '74000', 'France', '38.76.98.06'),
(29, 'Forts d''rables', 'Chantal Goulet', '148 rue Chasseur', 'Ste-Hyacinthe', 'J2S 7S8', 'Canada', '(514) 555-2955');
